source,line,label,kind,caption,alt,html_asset,pdf_asset
docs/src/chapters/appendix/v.tex.in,159,fig:v:started:header,executable-code,The header file for integer interval variables,The header file for integer interval variables,,
docs/src/chapters/appendix/v.tex.in,500,fig:v:varimp:vis,executable-code,Variable implementation specification,Variable implementation specification,,
docs/src/chapters/appendix/v.tex.in,536,fig:v:varimp:vis:me,executable-code,Modification event section,Modification event section,,
docs/src/chapters/appendix/v.tex.in,617,fig:v:varimp:vis:pc,executable-code,Propagation condition section,Propagation condition section,,
docs/src/chapters/appendix/v.tex.in,673,fig:v:varimp:varimp,executable-code,Variable implementation,Variable implementation,,
docs/src/chapters/appendix/v.tex.in,813,fig:v:varimp:inherited,semantic-table,Summary of member functions predefined by variable implementations,Summary of member functions predefined by variable implementations,,
docs/src/chapters/appendix/v.tex.in,984,fig:v:var:var,executable-code,Variable programmed from a variable implementation,Variable programmed from a variable implementation,,
docs/src/chapters/appendix/v.tex.in,1032,fig:v:var:inherited,semantic-table,Summary of member functions predefined by variables,Summary of member functions predefined by variables,,
docs/src/chapters/appendix/v.tex.in,1070,fig:v:var:traits,executable-code,Array traits for variable arrays,Array traits for variable arrays,,
docs/src/chapters/appendix/v.tex.in,1093,fig:v:var:array,executable-code,Variable arrays,Variable arrays,,
docs/src/chapters/appendix/v.tex.in,1167,fig:v:view:predefined,semantic-table,Summary of member functions predefined by views,Summary of member functions predefined by views,,
docs/src/chapters/appendix/v.tex.in,1244,fig:v:view:int,executable-code,Integer view,Integer view,,
docs/src/chapters/appendix/v.tex.in,1289,fig:v:view:const,executable-code,Constant integer view,Constant integer view,,
docs/src/chapters/appendix/v.tex.in,1341,fig:v:view:minus,executable-code,Minus view,Minus view,,
docs/src/chapters/appendix/v.tex.in,1364,fig:v:view:minusmepc,executable-code,Negation of modification events and propagation conditions,Negation of modification events and propagation conditions,,
docs/src/chapters/appendix/v.tex.in,1425,fig:v:view:offset,executable-code,Offset view,Offset view,,
docs/src/chapters/appendix/v.tex.in,1469,fig:v:branch:structure,executable-code,Part of header file concerned with branching,Part of header file concerned with branching,,
docs/src/chapters/appendix/v.tex.in,1568,fig:v:branch:intvarbranch,executable-code,Variable selection class,Variable selection class,,
docs/src/chapters/appendix/v.tex.in,1619,fig:v:branch:viewsel,executable-code,View selection creation function,View selection creation function,,
docs/src/chapters/appendix/v.tex.in,1665,fig:v:branch:meritsize,executable-code,Size merit class,Size merit class,,
docs/src/chapters/appendix/v.tex.in,1713,fig:v:branch:valcommit,executable-code,Value selection and commit creation function,Value selection and commit creation function,,
docs/src/chapters/appendix/v.tex.in,1832,fig:v:branch:branch,executable-code,Branch function,Branch function,,
docs/src/chapters/appendix/v.tex.in,1862,fig:v:branch:branchtb,executable-code,Branch function with tie-breaking,Branch function with tie-breaking,,
docs/src/chapters/appendix/v.tex.in,1899,fig:v:trace:tracing,executable-code,Part of header file concerned with tracing,Part of header file concerned with tracing,,
docs/src/chapters/appendix/v.tex.in,2025,fig:v:all:golomb,executable-code,Golomb rulers à la integer interval variables,Golomb rulers à la integer interval variables,,
docs/src/chapters/case-studies/c-bin-packing.tex.in,40,fig:c:bpp:optimal,legacy-vector-conversion,An example optimal bin packing,An example optimal bin packing,figures/fig-c-bpp-optimal.svg,figures/pdf/fig-c-bpp-optimal.pdf
docs/src/chapters/case-studies/c-bin-packing.tex.in,94,fig:c:bpp:data,executable-code,Instance data for a bin packing problem,Instance data for a bin packing problem,,
docs/src/chapters/case-studies/c-bin-packing.tex.in,112,fig:c:bpp:lower,executable-code,Computing a lower bound for the number of bins,Computing a lower bound for the number of bins,,
docs/src/chapters/case-studies/c-bin-packing.tex.in,144,fig:c:bpp:upper,executable-code,Computing an upper bound for the number of bins,Computing an upper bound for the number of bins,,
docs/src/chapters/case-studies/c-bin-packing.tex.in,170,fig:c:bpp:greedy,legacy-vector-conversion,An non-optimal bin packing found during upper bound computation,An non-optimal bin packing found during upper bound computation,figures/fig-c-bpp-greedy.svg,figures/pdf/fig-c-bpp-greedy.pdf
docs/src/chapters/case-studies/c-bin-packing.tex.in,219,fig:c:bpp:naive,executable-code,A naive script for solving a bin packing problem,A naive script for solving a bin packing problem,,
docs/src/chapters/case-studies/c-bin-packing.tex.in,350,fig:c:bpp:prop,executable-code,A script with improved propagation for solving a bin packing problem,A script with improved propagation for solving a bin packing problem,,
docs/src/chapters/case-studies/c-bin-packing.tex.in,425,fig:c:bpp:branch,executable-code,A script with improved branching for solving a bin packing problem,A script with improved branching for solving a bin packing problem,,
docs/src/chapters/case-studies/c-bin-packing.tex.in,437,fig:c:bpp:cdbf,executable-code,CDBF brancher and branching,CDBF brancher and branching,,
docs/src/chapters/case-studies/c-bin-packing.tex.in,548,fig:c:bpp:choice,executable-code,CDBF choice,CDBF choice,,
docs/src/chapters/case-studies/c-crossword.tex.in,22,fig:c:crossword:grid,legacy-vector-conversion,A crossword puzzle grid,A crossword puzzle grid,figures/fig-c-crossword-grid.svg,figures/pdf/fig-c-crossword-grid.pdf
docs/src/chapters/case-studies/c-crossword.tex.in,56,fig:c:crossword:solution,legacy-vector-conversion,Solution for crossword puzzle grid from fig:c:crossword:grid,Solution for crossword puzzle grid from fig:c:crossword:grid,figures/fig-c-crossword-solution.svg,figures/pdf/fig-c-crossword-solution.pdf
docs/src/chapters/case-studies/c-crossword.tex.in,123,fig:c:crossword:script,executable-code,Crossword script,Crossword script,,
docs/src/chapters/case-studies/c-crossword.tex.in,138,fig:c:crossword:spec,executable-code,Grid and words specification,Grid and words specification,,
docs/src/chapters/case-studies/c-crossword.tex.in,268,fig:c:crossword:optimized,executable-code,An optimized crossword script,An optimized crossword script,,
docs/src/chapters/case-studies/c-crossword.tex.in,373,fig:c:crossword:compare,semantic-table,Comparison of Gecode model with,Comparison of Gecode model with,,
docs/src/chapters/case-studies/c-crossword.tex.in,457,fig:c:crossword:restart,semantic-table,Comparison of Gecode model using restarts with,Comparison of Gecode model using restarts with,,
docs/src/chapters/case-studies/c-crossword.tex.in,524,fig:c:crossword:hard,semantic-table,Results for some hard words dictionary instances,Results for some hard words dictionary instances,,
docs/src/chapters/case-studies/c-crossword.tex.in,545,fig:c:crossword:sol:21:10,legacy-vector-conversion,Solution for instance words2110,Solution for instance words2110,figures/fig-c-crossword-sol-21-10.svg,figures/pdf/fig-c-crossword-sol-21-10.pdf
docs/src/chapters/case-studies/c-crossword.tex.in,608,fig:c:crossword:sol:23:06,legacy-vector-conversion,Solution for instance words2306,Solution for instance words2306,figures/fig-c-crossword-sol-23-06.svg,figures/pdf/fig-c-crossword-sol-23-06.pdf
docs/src/chapters/case-studies/c-golf.tex.in,55,fig:c:golf:script,executable-code,A script for the social golfers' problem,A script for the social golfers' problem,,
docs/src/chapters/case-studies/c-golomb.tex.in,27,fig:c:golomb:example,legacy-vector-conversion,An optimal Golomb ruler with 6 marks,An optimal Golomb ruler with 6 marks,figures/fig-c-golomb-example.svg,figures/pdf/fig-c-golomb-example.pdf
docs/src/chapters/case-studies/c-golomb.tex.in,57,fig:c:golomb:constructed,legacy-vector-conversion,A constructed Golomb ruler with 6 marks,A constructed Golomb ruler with 6 marks,figures/fig-c-golomb-constructed.svg,figures/pdf/fig-c-golomb-constructed.pdf
docs/src/chapters/case-studies/c-golomb.tex.in,86,fig:c:golomb:script,executable-code,A script for computing Golomb rulers,A script for computing Golomb rulers,,
docs/src/chapters/case-studies/c-kakuro.tex.in,36,fig:c:kakuro:board,legacy-vector-conversion,A Kakuro puzzle,A Kakuro puzzle,figures/fig-c-kakuro-board.svg,figures/pdf/fig-c-kakuro-board.pdf
docs/src/chapters/case-studies/c-kakuro.tex.in,68,fig:c:kakuro:solution,legacy-vector-conversion,Solution for Kakuro puzzle from fig:c:kakuro:board,Solution for Kakuro puzzle from fig:c:kakuro:board,figures/fig-c-kakuro-solution.svg,figures/pdf/fig-c-kakuro-solution.pdf
docs/src/chapters/case-studies/c-kakuro.tex.in,105,fig:c:kakuro:script:naive,executable-code,A naive script and board specification for solving Kakuro puzzles,A naive script and board specification for solving Kakuro puzzles,,
docs/src/chapters/case-studies/c-kakuro.tex.in,209,fig:c:kakuro:prop,legacy-vector-conversion,Propagation for the Kakuro puzzle,Propagation for the Kakuro puzzle,figures/fig-c-kakuro-prop.svg,figures/pdf/fig-c-kakuro-prop.pdf
docs/src/chapters/case-studies/c-kakuro.tex.in,295,fig:c:kakuro:script:work,executable-code,A working script for solving Kakuro puzzles,A working script for solving Kakuro puzzles,,
docs/src/chapters/case-studies/c-knights.tex.in,28,fig:c:knights:example:8,legacy-vector-conversion,8 8-knight's tour,8 8-knight's tour,figures/fig-c-knights-example-8.svg,figures/pdf/fig-c-knights-example-8.pdf
docs/src/chapters/case-studies/c-knights.tex.in,72,fig:c:knights:script,executable-code,A script for the knight's tour problem,A script for the knight's tour problem,,
docs/src/chapters/case-studies/c-knights.tex.in,161,fig:c:knights:branching,executable-code,A brancher for Warnsdorff's heuristic,A brancher for Warnsdorff's heuristic,,
docs/src/chapters/case-studies/c-magic-sequence.tex.in,25,fig:c:magic_sequence,executable-code,A script for solving magic sequence puzzles,A script for solving magic sequence puzzles,,
docs/src/chapters/case-studies/c-magic-sequence.tex.in,103,fig:c:magic_sequence_gcc,executable-code,Magic sequence puzzles with a global counting constraint,Magic sequence puzzles with a global counting constraint,,
docs/src/chapters/case-studies/c-nonogram.tex.in,27,fig:c:nonogram:ex,data-diagram,Example nonogram puzzle,Example nonogram puzzle,figures/fig-c-nonogram-ex.svg,figures/pdf/fig-c-nonogram-ex.pdf
docs/src/chapters/case-studies/c-nonogram.tex.in,47,fig:c:nonogram:ex-sol,data-diagram,Solution to the example puzzle,Solution to the example puzzle,figures/fig-c-nonogram-ex-sol.svg,figures/pdf/fig-c-nonogram-ex-sol.pdf
docs/src/chapters/case-studies/c-nonogram.tex.in,86,fig:c:nonogram,executable-code,A script for solving nonogram puzzles,A script for solving nonogram puzzles,,
docs/src/chapters/case-studies/c-photo.tex.in,44,fig:c:photo:script,executable-code,A script for the photo alignment problem,A script for the photo alignment problem,,
docs/src/chapters/case-studies/c-warehouses.tex.in,62,fig:c:warehouses:script,executable-code,A script for locating warehouses,A script for locating warehouses,,
docs/src/chapters/core/intro.tex.in,121,fig:intro:gecode_architecture,semantic-redraw,Gecode architecture,Gecode architecture,figures/fig-intro-gecode_architecture.svg,figures/pdf/fig-intro-gecode_architecture.pdf
docs/src/chapters/core/intro.tex.in,232,fig:intro:dep,legacy-vector-conversion,Dependencies among different parts of this document,Dependencies among different parts of this document,figures/fig-intro-dep.svg,figures/pdf/fig-intro-dep.pdf
docs/src/chapters/modeling/m-branch.tex.in,119,fig:m:branch:int:var:int,semantic-table,Integer variable selection,Integer variable selection,,
docs/src/chapters/modeling/m-branch.tex.in,205,fig:m:branch:int:val:int,semantic-table,Integer value selection,Integer value selection,,
docs/src/chapters/modeling/m-branch.tex.in,299,fig:m:branch:int:var:bool,semantic-table,Boolean variable selection,Boolean variable selection,,
docs/src/chapters/modeling/m-branch.tex.in,353,fig:m:branch:int:val:bool,semantic-table,Boolean value selection,Boolean value selection,,
docs/src/chapters/modeling/m-branch.tex.in,391,fig:m:branch:set:var,semantic-table,Set variable selection,Set variable selection,,
docs/src/chapters/modeling/m-branch.tex.in,464,fig:m:branch:set:val,semantic-table,Set value selection,Set value selection,,
docs/src/chapters/modeling/m-branch.tex.in,507,fig:m:branch:float:var,semantic-table,Float variable selection,Float variable selection,,
docs/src/chapters/modeling/m-branch.tex.in,582,fig:m:branch:float:val,semantic-table,Float value selection,Float value selection,,
docs/src/chapters/modeling/m-branch.tex.in,1051,fig:m:branch:val,semantic-table,Branch value functions,Branch value functions,,
docs/src/chapters/modeling/m-branch.tex.in,1127,fig:m:branch:commit,semantic-table,Branch commit functions,Branch commit functions,,
docs/src/chapters/modeling/m-branch.tex.in,1295,fig:m:branch:latin:ldsb,executable-code,A Gecode model for Latin Squares with LDSB,A Gecode model for Latin Squares with LDSB,,
docs/src/chapters/modeling/m-branch.tex.in,1318,fig:m:branch:latin:syms,semantic-table,Symmetric solutions of the Latin Square problem,Symmetric solutions of the Latin Square problem,,
docs/src/chapters/modeling/m-branch.tex.in,1499,fig:m:branch:filter:sketch,executable-code,Model sketch for branch filter function,Model sketch for branch filter function,,
docs/src/chapters/modeling/m-branch.tex.in,1568,fig:m:branch:assign,semantic-table,Value selection for assigning variables,Value selection for assigning variables,,
docs/src/chapters/modeling/m-comfy.tex.in,22,fig:m:comfy:smm-mm,executable-code,A Gecode model for Send More Money using modeling support,A Gecode model for Send More Money using modeling support,,
docs/src/chapters/modeling/m-comfy.tex.in,48,fig:m:comfy:smm-best:minimodel,executable-code,A Gecode model for Send Most Money using a cost function,A Gecode model for Send Most Money using a cost function,,
docs/src/chapters/modeling/m-comfy.tex.in,105,fig:m:comfy:driver,executable-code,A Gecode model for Send Most Money using the script commandline driver,A Gecode model for Send Most Money using the script commandline driver,,
docs/src/chapters/modeling/m-driver.tex.in,29,fig:m:driver:options:a,semantic-table,Predefined commandline options,Predefined commandline options,,
docs/src/chapters/modeling/m-driver.tex.in,86,fig:m:driver:options:b,semantic-table,"Predefined commandline options, continued","Predefined commandline options, continued",,
docs/src/chapters/modeling/m-driver.tex.in,122,fig:m:driver:options:user,semantic-table,User-definable commandline options,User-definable commandline options,,
docs/src/chapters/modeling/m-float.tex.in,123,fig:m:float:val:fun,semantic-table,,fig m float val fun,,
docs/src/chapters/modeling/m-float.tex.in,323,fig:m:float:frt,semantic-table,Float relation types,Float relation types,,
docs/src/chapters/modeling/m-float.tex.in,411,fig:m:float:arithmetic,semantic-table,,fig m float arithmetic,,
docs/src/chapters/modeling/m-gist.tex.in,33,fig:m:gist:smm_full_tree_clean,screenshot,A search tree,A search tree,figures/fig-m-gist-smm_full_tree_clean.svg,figures/pdf/fig-m-gist-smm_full_tree_clean.pdf
docs/src/chapters/modeling/m-gist.tex.in,63,fig:m:gist:gist_smm,screenshot,"Gist, solving the Send More Money problem","Gist, solving the Send More Money problem",figures/fig-m-gist-gist_smm.svg,figures/pdf/fig-m-gist-gist_smm.pdf
docs/src/chapters/modeling/m-gist.tex.in,120,fig:m:gist:hidden,screenshot,A hidden subtree in Gist,A hidden subtree in Gist,figures/fig-m-gist-hidden.svg,figures/pdf/fig-m-gist-hidden.pdf
docs/src/chapters/modeling/m-gist.tex.in,143,fig:m:gist:node_menu,screenshot,The Node menu,The Node menu,figures/fig-m-gist-node_menu.svg,figures/pdf/fig-m-gist-node_menu.pdf
docs/src/chapters/modeling/m-gist.tex.in,165,fig:m:gist:branches,screenshot,Branch information in Gist,Branch information in Gist,figures/fig-m-gist-branches.svg,figures/pdf/fig-m-gist-branches.pdf
docs/src/chapters/modeling/m-gist.tex.in,207,fig:m:gist:tools_menu,screenshot,The Tools menu,The Tools menu,figures/fig-m-gist-tools_menu.svg,figures/pdf/fig-m-gist-tools_menu.pdf
docs/src/chapters/modeling/m-gist.tex.in,217,fig:m:gist:inspect,screenshot,Inspecting a solution in Gist,Inspecting a solution in Gist,figures/fig-m-gist-inspect.svg,figures/pdf/fig-m-gist-inspect.pdf
docs/src/chapters/modeling/m-gist.tex.in,255,fig:m:gist:gist-compare,executable-code,Using Gist for Send More Money with node comparison,Using Gist for Send More Money with node comparison,,
docs/src/chapters/modeling/m-gist.tex.in,275,fig:m:gist:subtreestats,screenshot,Node statistics,Node statistics,figures/fig-m-gist-subtreestats.svg,figures/pdf/fig-m-gist-subtreestats.pdf
docs/src/chapters/modeling/m-gist.tex.in,313,fig:m:gist:preferences,screenshot,Gist preferences,Gist preferences,figures/fig-m-gist-preferences.svg,figures/pdf/fig-m-gist-preferences.pdf
docs/src/chapters/modeling/m-gist.tex.in,342,fig:m:gist:copies,screenshot,Displaying where Gist stores spaces in the tree,Displaying where Gist stores spaces in the tree,figures/fig-m-gist-copies.svg,figures/pdf/fig-m-gist-copies.pdf
docs/src/chapters/modeling/m-group.tex.in,275,fig:m:group:varsmm,literal-output-or-code,Abridged output for variable tracing Send More Money,Abridged output for variable tracing Send More Money,,
docs/src/chapters/modeling/m-group.tex.in,556,fig:m:group:smm,literal-output-or-code,Abridged output for general tracing of Send More Money,Abridged output for general tracing of Send More Money,,
docs/src/chapters/modeling/m-group.tex.in,658,fig:m:group:tracer,executable-code,An integer variable tracer printing to \?std::cout?,An integer variable tracer printing to \?std::cout?,,
docs/src/chapters/modeling/m-group.tex.in,822,fig:m:group:gtracer,executable-code,A general tracer printing to \?std::cout?,A general tracer printing to \?std::cout?,,
docs/src/chapters/modeling/m-integer.tex.in,974,fig:m:integer:irt,semantic-table,Integer relation types,Integer relation types,,
docs/src/chapters/modeling/m-integer.tex.in,1098,fig:m:integer:bot,semantic-table,Boolean operation types,Boolean operation types,,
docs/src/chapters/modeling/m-integer.tex.in,1215,fig:m:integer:arithmetic,semantic-table,,fig m integer arithmetic,,
docs/src/chapters/modeling/m-integer.tex.in,1825,fig:m:integer:dfa,legacy-vector-conversion,A DFA for the Swedish drinking protocol,A DFA for the Swedish drinking protocol,figures/fig-m-integer-dfa.svg,figures/pdf/fig-m-integer-dfa.pdf
docs/src/chapters/modeling/m-integer.tex.in,2200,fig:m:integer:circuit,legacy-vector-conversion,Representing edges and propagating \?circuit?,Representing edges and propagating \?circuit?,figures/fig-m-integer-circuit.svg,figures/pdf/fig-m-integer-circuit.pdf
docs/src/chapters/modeling/m-integer.tex.in,2308,fig:m:integer:costcircuit,legacy-vector-conversion,Representing edges and propagating \?circuit? with cost,Representing edges and propagating \?circuit? with cost,figures/fig-m-integer-costcircuit.svg,figures/pdf/fig-m-integer-costcircuit.pdf
docs/src/chapters/modeling/m-minimodel.tex.in,77,fig:m:minimodel:integer:expr,semantic-table,Integer expressions,Integer expressions,,
docs/src/chapters/modeling/m-minimodel.tex.in,116,fig:m:minimodel:integer:rel,semantic-table,Integer relations,Integer relations,,
docs/src/chapters/modeling/m-minimodel.tex.in,250,fig:m:minimodel:bool,semantic-table,Boolean expressions,Boolean expressions,,
docs/src/chapters/modeling/m-minimodel.tex.in,394,fig:m:minimodel:set,semantic-table,Set expressions and relations,Set expressions and relations,,
docs/src/chapters/modeling/m-minimodel.tex.in,487,fig:m:minimodel:float:expr,semantic-table,Float expressions,Float expressions,,
docs/src/chapters/modeling/m-minimodel.tex.in,538,fig:m:minimodel:float:rel,semantic-table,Float relations,Float relations,,
docs/src/chapters/modeling/m-minimodel.tex.in,595,fig:m:minimodel:domexpr,executable-code,The class \?BoolDomExpr? and the \?dom()? function,The class \?BoolDomExpr? and the \?dom()? function,,
docs/src/chapters/modeling/m-minimodel.tex.in,848,fig:m:minimodel:reg,semantic-table,,fig m minimodel reg,,
docs/src/chapters/modeling/m-minimodel.tex.in,955,fig:m:minimodel:alias,semantic-table,,fig m minimodel alias,,
docs/src/chapters/modeling/m-search.tex.in,97,fig:m:search:tree,legacy-vector-conversion,Example search tree,Example search tree,figures/fig-m-search-tree.svg,figures/pdf/fig-m-search-tree.pdf
docs/src/chapters/modeling/m-search.tex.in,211,fig:m:search:hybrid,legacy-vector-conversion,Hybrid recomputation,Hybrid recomputation,figures/fig-m-search-hybrid.svg,figures/pdf/fig-m-search-hybrid.pdf
docs/src/chapters/modeling/m-search.tex.in,453,fig:m:search:out:8,literal-output-or-code,Output for Golomb rulers with eight workers,Output for Golomb rulers with eight workers,,
docs/src/chapters/modeling/m-search.tex.in,490,fig:m:search:out:1,literal-output-or-code,Output for Golomb rulers with one worker,Output for Golomb rulers with one worker,,
docs/src/chapters/modeling/m-search.tex.in,572,fig:m:search:statistics,semantic-table,,fig m search statistics,,
docs/src/chapters/modeling/m-search.tex.in,632,fig:m:search:engine,semantic-table,Available search engines,Available search engines,,
docs/src/chapters/modeling/m-search.tex.in,678,fig:m:search:options,semantic-table,Search options,Search options,,
docs/src/chapters/modeling/m-search.tex.in,772,fig:m:search:stop,semantic-table,Predefined stop objects,Predefined stop objects,,
docs/src/chapters/modeling/m-search.tex.in,1160,fig:m:search:mi,semantic-table,,fig m search mi,,
docs/src/chapters/modeling/m-search.tex.in,1244,fig:m:search:restart:default,executable-code,Default \?master()? and \?slave()? functions,Default \?master()? and \?slave()? functions,,
docs/src/chapters/modeling/m-search.tex.in,1322,fig:m:search:restart:sketch,executable-code,Model sketch for LNS,Model sketch for LNS,,
docs/src/chapters/modeling/m-search.tex.in,1699,fig:m:search:nogoods,legacy-vector-conversion,Search tree after cutoff 3 has been reached,Search tree after cutoff 3 has been reached,figures/fig-m-search-nogoods.svg,figures/pdf/fig-m-search-nogoods.pdf
docs/src/chapters/modeling/m-search.tex.in,1970,fig:m:search:tracer,executable-code,A simple tracer printing to \?std::cout?,A simple tracer printing to \?std::cout?,,
docs/src/chapters/modeling/m-search.tex.in,2069,fig:m:search:tracer:node,executable-code,Member function for node-events,Member function for node-events,,
docs/src/chapters/modeling/m-set.tex.in,217,fig:m:set:srt,semantic-table,Set relation types,Set relation types,,
docs/src/chapters/modeling/m-set.tex.in,327,fig:m:set:sot,semantic-table,Set operation types,Set operation types,,
docs/src/chapters/modeling/m-started.tex.in,56,fig:m:started:smm,executable-code,A Gecode model for Send More Money,A Gecode model for Send More Money,,
docs/src/chapters/modeling/m-started.tex.in,632,fig:m:started:gist,executable-code,Using Gist for Send More Money,Using Gist for Send More Money,,
docs/src/chapters/modeling/m-started.tex.in,658,fig:m:started:gist:shot,screenshot,Gist screen shots,Gist screen shots,figures/fig-m-started-gist-shot.svg,figures/pdf/fig-m-started-gist-shot.pdf
docs/src/chapters/modeling/m-started.tex.in,678,fig:m:started:gist-inspect,executable-code,Using Gist for Send More Money with node inspection,Using Gist for Send More Money with node inspection,,
docs/src/chapters/modeling/m-started.tex.in,725,fig:m:started:smm-best,executable-code,A Gecode model for Send Most Money finding a best solution,A Gecode model for Send Most Money finding a best solution,,
docs/src/chapters/programming/p-advisors.tex.in,262,fig:p:advisors:samedom,executable-code,A \?samedom? propagator using advisors,A \?samedom? propagator using advisors,,
docs/src/chapters/programming/p-advisors.tex.in,421,fig:p:advisors:samedomview,executable-code,A \?samedom? propagator using predefined view advisors,A \?samedom? propagator using predefined view advisors,,
docs/src/chapters/programming/p-advisors.tex.in,467,fig:p:advisors:or,executable-code,A Boolean disjunction propagator using advisors,A Boolean disjunction propagator using advisors,,
docs/src/chapters/programming/p-avoid.tex.in,39,fig:p:avoid:equal:naive,executable-code,A naive equality bounds propagator,A naive equality bounds propagator,,
docs/src/chapters/programming/p-avoid.tex.in,79,fig:p:avoid:equal,executable-code,An equality bounds propagator with fixpoint reasoning,An equality bounds propagator with fixpoint reasoning,,
docs/src/chapters/programming/p-avoid.tex.in,93,fig:p:avoid:equal:idempotent,executable-code,An idempotent equality bounds propagator,An idempotent equality bounds propagator,,
docs/src/chapters/programming/p-avoid.tex.in,122,fig:p:avoid:equal:modevent,executable-code,An idempotent equality bounds propagator using modification events,An idempotent equality bounds propagator using modification events,,
docs/src/chapters/programming/p-avoid.tex.in,210,fig:p:avoid:or:naive,executable-code,Naive Boolean disjunction,Naive Boolean disjunction,,
docs/src/chapters/programming/p-avoid.tex.in,259,fig:p:avoid:ortrue:prop,executable-code,Propagation for naive Boolean disjunction,Propagation for naive Boolean disjunction,,
docs/src/chapters/programming/p-avoid.tex.in,297,fig:p:avoid:or:concise,executable-code,Naive Boolean disjunction using a propagator pattern,Naive Boolean disjunction using a propagator pattern,,
docs/src/chapters/programming/p-avoid.tex.in,375,fig:p:avoid:or:dynamic,executable-code,Boolean disjunction with dynamic subscriptions,Boolean disjunction with dynamic subscriptions,,
docs/src/chapters/programming/p-avoid.tex.in,423,fig:p:avoid:ortrue:re,executable-code,Resubscribing for Boolean disjunction with dynamic subscriptions,Resubscribing for Boolean disjunction with dynamic subscriptions,,
docs/src/chapters/programming/p-domain.tex.in,34,fig:p:domain:incorrect,executable-code,An incorrect propagator for domain equal,An incorrect propagator for domain equal,,
docs/src/chapters/programming/p-domain.tex.in,79,fig:p:domain:naive,executable-code,A naive propagator for domain equal,A naive propagator for domain equal,,
docs/src/chapters/programming/p-domain.tex.in,171,fig:p:domain:nonshared,executable-code,A propagator for domain equal without sharing,A propagator for domain equal without sharing,,
docs/src/chapters/programming/p-domain.tex.in,231,fig:p:domain:offset,executable-code,A propagator for domain equal with offset,A propagator for domain equal with offset,,
docs/src/chapters/programming/p-domain.tex.in,340,fig:p:domain:bounds,executable-code,A propagator for domain equal using bounds propagation,A propagator for domain equal using bounds propagation,,
docs/src/chapters/programming/p-domain.tex.in,409,fig:p:domain:transitions,legacy-vector-conversion,Stage transitions for the equality propagator,Stage transitions for the equality propagator,figures/fig-p-domain-transitions.svg,figures/pdf/fig-p-domain-transitions.pdf
docs/src/chapters/programming/p-domain.tex.in,466,fig:p:domain:staging,executable-code,A propagator for domain equal using staging,A propagator for domain equal using staging,,
docs/src/chapters/programming/p-floats.tex.in,22,fig:p:floats:linear,executable-code,A constraint and propagator for ternary linear,A constraint and propagator for ternary linear,,
docs/src/chapters/programming/p-floats.tex.in,42,fig:p:float:view,semantic-table,Most important float view operations,Most important float view operations,,
docs/src/chapters/programming/p-floats.tex.in,74,fig:p:floats:rounding,semantic-table,,fig p floats rounding,,
docs/src/chapters/programming/p-floats.tex.in,215,fig:p:floats:propagation_conditions,semantic-table,Float modification events and propagation conditions,Float modification events and propagation conditions,,
docs/src/chapters/programming/p-memory.tex.in,208,fig:p:memory:allocator,literal-output-or-code,Declaration of an \?Allocator? class,Declaration of an \?Allocator? class,,
docs/src/chapters/programming/p-memory.tex.in,349,fig:p:memory:shared,executable-code,A simple shared object and handle,A simple shared object and handle,,
docs/src/chapters/programming/p-memory.tex.in,388,fig:p:memory:local,executable-code,A simple local object and handle,A simple local object and handle,,
docs/src/chapters/programming/p-memory.tex.in,401,fig:p:memory:local_res,executable-code,A local object and handle with external resources,A local object and handle with external resources,,
docs/src/chapters/programming/p-reified.tex.in,80,fig:p:reified:leeq,executable-code,A constraint and propagator for fully reified less or equal,A constraint and propagator for fully reified less or equal,,
docs/src/chapters/programming/p-reified.tex.in,209,fig:p:reified:leeq:half,executable-code,A constraint and propagator for full and half reified less or equal,A constraint and propagator for full and half reified less or equal,,
docs/src/chapters/programming/p-reified.tex.in,225,fig:p:reified:leeq:half:propagate,executable-code,Propagate function for full and half reified less or equal,Propagate function for full and half reified less or equal,,
docs/src/chapters/programming/p-reified.tex.in,279,fig:p:reified:max,executable-code,A maximum propagator using rewriting,A maximum propagator using rewriting,,
docs/src/chapters/programming/p-reified.tex.in,326,fig:p:reified:or,executable-code,A Boolean disjunction propagator using rewriting,A Boolean disjunction propagator using rewriting,,
docs/src/chapters/programming/p-sets.tex.in,26,fig:p:sets:intersection,executable-code,A constraint and propagator for set intersection,A constraint and propagator for set intersection,,
docs/src/chapters/programming/p-sets.tex.in,94,fig:p:sets:view_operations,semantic-table,Set view operations,Set view operations,,
docs/src/chapters/programming/p-sets.tex.in,180,fig:p:sets:propagation_conditions,semantic-table,Set modification events and propagation conditions,Set modification events and propagation conditions,,
docs/src/chapters/programming/p-started.tex.in,111,fig:p:started:scheduling_propagators,legacy-vector-conversion,Scheduling and executing propagators,Scheduling and executing propagators,figures/fig-p-started-scheduling_propagators.svg,figures/pdf/fig-p-started-scheduling_propagators.pdf
docs/src/chapters/programming/p-started.tex.in,311,fig:p:started:propagators_views_varimp,legacy-vector-conversion,"Propagators, views, and variable implementations","Propagators, views, and variable implementations",figures/fig-p-started-propagators_views_varimp.svg,figures/pdf/fig-p-started-propagators_views_varimp.pdf
docs/src/chapters/programming/p-started.tex.in,596,fig:p:started:less,executable-code,A constraint and propagator for \?less?,A constraint and propagator for \?less?,,
docs/src/chapters/programming/p-started.tex.in,709,fig:p:started:propcost,semantic-table,Summary of propagation cost functions,Summary of propagation cost functions,,
docs/src/chapters/programming/p-started.tex.in,806,fig:p:started:modify,semantic-table,Value-based modification functions for integer variable views,Value-based modification functions for integer variable views,,
docs/src/chapters/programming/p-started.tex.in,860,fig:p:started:less:better,executable-code,A better constraint and propagator for \?less?,A better constraint and propagator for \?less?,,
docs/src/chapters/programming/p-started.tex.in,986,fig:p:started:macros,semantic-table,Check and fail macros,Check and fail macros,,
docs/src/chapters/programming/p-started.tex.in,1081,fig:p:started:less:best,executable-code,An even better constraint and propagator for \?less?,An even better constraint and propagator for \?less?,,
docs/src/chapters/programming/p-started.tex.in,1142,fig:p:started:nq,executable-code,A propagator for disequality,A propagator for disequality,,
docs/src/chapters/programming/p-started.tex.in,1171,fig:p:started:patterns,semantic-table,Propagator patterns,Propagator patterns,,
docs/src/chapters/programming/p-started.tex.in,1231,fig:p:started:less:concise,executable-code,A concise constraint and propagator for \?less?,A concise constraint and propagator for \?less?,,
docs/src/chapters/programming/p-views.tex.in,83,fig:p:views:minmax,executable-code,Minimum and maximum constraints implemented by a \?Max? propagator,Minimum and maximum constraints implemented by a \?Max? propagator,,
docs/src/chapters/programming/p-views.tex.in,116,fig:p:views:equal,executable-code,Domain equality with and without offset,Domain equality with and without offset,,
docs/src/chapters/programming/p-views.tex.in,193,fig:p:views:orand,executable-code,Disjunction and conjunction from same propagator,Disjunction and conjunction from same propagator,,
docs/src/chapters/programming/p-views.tex.in,216,fig:p:views:intbool,executable-code,Less constraints for both integer and Boolean variables,Less constraints for both integer and Boolean variables,,
docs/src/chapters/search/b-advanced.tex.in,32,fig:b:advanced:assignmin,executable-code,A brancher for \?assignmin?,A brancher for \?assignmin?,,
docs/src/chapters/search/b-advanced.tex.in,67,fig:b:advanced:nogoods,executable-code,Branching for \?nonemin? with no-good support,Branching for \?nonemin? with no-good support,,
docs/src/chapters/search/b-advanced.tex.in,227,fig:b:advanced:views,executable-code,Branchings for \?nonemin? and \?nonemax?,Branchings for \?nonemin? and \?nonemax?,,
docs/src/chapters/search/b-started.tex.in,334,fig:b:started:nonemin,executable-code,A branching and brancher for \?nonemin?,A branching and brancher for \?nonemin?,,
docs/src/chapters/search/b-started.tex.in,446,fig:b:started:improved,executable-code,An improved brancher for \?nonemin?,An improved brancher for \?nonemin?,,
docs/src/chapters/search/b-started.tex.in,484,fig:b:started:sizemin,executable-code,A brancher for \?sizemin?,A brancher for \?sizemin?,,
docs/src/chapters/search/s-engine.tex.in,34,fig:s:engine:design,executable-code,Depth-first search engine,Depth-first search engine,,
docs/src/chapters/search/s-engine.tex.in,53,fig:s:engine:engine,executable-code,Implementation of depth-first search engine,Implementation of depth-first search engine,,
docs/src/chapters/search/s-engine.tex.in,109,fig:s:engine:explore,executable-code,Implementation of exploration,Implementation of exploration,,
docs/src/chapters/search/s-engine.tex.in,127,fig:s:engine:edge,executable-code,Implementation of edges,Implementation of edges,,
docs/src/chapters/search/s-engine.tex.in,147,fig:s:engine:path,executable-code,Implementation of path of edges,Implementation of path of edges,,
docs/src/chapters/search/s-engine.tex.in,194,fig:s:engine:re,executable-code,Implementation of recomputation,Implementation of recomputation,,
docs/src/chapters/search/s-recomputation.tex.in,51,fig:s:re:full,executable-code,Depth-first search using full recomputation,Depth-first search using full recomputation,,
docs/src/chapters/search/s-recomputation.tex.in,84,fig:s:re:full:edge,executable-code,\?Edge? class for depth-first search using full recomputation,\?Edge? class for depth-first search using full recomputation,,
docs/src/chapters/search/s-recomputation.tex.in,217,fig:s:re:ex,legacy-vector-conversion,Example situations during recomputation,Example situations during recomputation,figures/fig-s-re-ex.svg,figures/pdf/fig-s-re-ex.pdf
docs/src/chapters/search/s-recomputation.tex.in,415,fig:s:re:bab,executable-code,Branch-and-bound search using full recomputation,Branch-and-bound search using full recomputation,,
docs/src/chapters/search/s-recomputation.tex.in,455,fig:s:re:lao:ex,legacy-vector-conversion,Last alternative optimization (LAO),Last alternative optimization (LAO),figures/fig-s-re-lao-ex.svg,figures/pdf/fig-s-re-lao-ex.pdf
docs/src/chapters/search/s-recomputation.tex.in,577,fig:s:re:lao,executable-code,Depth-first search using full recomputation and LAO,Depth-first search using full recomputation and LAO,,
docs/src/chapters/search/s-recomputation.tex.in,688,fig:s:re:hybrid,executable-code,Depth-first search using hybrid recomputation,Depth-first search using hybrid recomputation,,
docs/src/chapters/search/s-recomputation.tex.in,839,fig:s:re:adaptive,executable-code,Depth-first search using adaptive recomputation,Depth-first search using adaptive recomputation,,
docs/src/chapters/search/s-started.tex.in,293,fig:s:started:dfsbin,executable-code,Depth-first search for binary choices,Depth-first search for binary choices,,
docs/src/chapters/search/s-started.tex.in,383,fig:s:started:dfs,executable-code,Depth-first search,Depth-first search,,
docs/src/chapters/search/s-started.tex.in,459,fig:s:started:bab,executable-code,Branch-and-bound search,Branch-and-bound search,,
